{"stepCount":1000,"windowSize":1000,"totalMean":0.28902451399999995,"totalP95":0.469414,"totalP99":0.574364,"subsystems":{"actionTint":{"mean":0.004466738000000002,"p95":0.006111,"p99":0.007671},"shields":{"mean":0.001399627999999998,"p95":0.001749,"p99":0.003526},"preDeaths":{"mean":0.007295181000000005,"p95":0.01677,"p99":0.022122},"actions":{"mean":0.05562382899999994,"p95":0.099247,"p99":0.117532},"things":{"mean":0.038007714,"p95":0.068753,"p99":0.083703},"tumors":{"mean":0.012813714000000004,"p95":0.030889,"p99":0.041428},"tumorDamage":{"mean":0.009098333,"p95":0.014774,"p99":0.019994},"auras":{"mean":0.00030144700000000015,"p95":0.000554,"p99":0.00077},"popRespawn":{"mean":0.02295005999999999,"p95":0.037719,"p99":0.053145},"survival":{"mean":0.005062260999999998,"p95":0.007911,"p99":0.010918},"tintObs":{"mean":0.1318723919999999,"p95":0.216133,"p99":0.272104}}}