{"stepCount":1000,"windowSize":1000,"totalMean":0.20607346599999962,"totalP95":0.321239,"totalP99":0.402401,"subsystems":{"actionTint":{"mean":0.0016792849999999987,"p95":0.002324,"p99":0.002825},"shields":{"mean":0.00036369799999999986,"p95":0.000682,"p99":0.000831},"preDeaths":{"mean":0.0014391699999999996,"p95":0.002495,"p99":0.002995},"actions":{"mean":0.01380316599999998,"p95":0.020699,"p99":0.024246},"things":{"mean":0.015657749000000002,"p95":0.031959,"p99":0.045014},"tumors":{"mean":0.014981926,"p95":0.030087,"p99":0.041227},"tumorDamage":{"mean":0.0029023440000000033,"p95":0.004569,"p99":0.006943},"auras":{"mean":0.00004154099999999991,"p95":0.00013,"p99":0.00022},"popRespawn":{"mean":0.006666501999999995,"p95":0.009958,"p99":0.011571},"survival":{"mean":0.0012777600000000002,"p95":0.002114,"p99":0.002284},"tintObs":{"mean":0.1472260399999998,"p95":0.233896,"p99":0.283078}}}