{"stepCount":1000,"windowSize":1000,"totalMean":0.16242341400000007,"totalP95":0.203641,"totalP99":0.265666,"subsystems":{"actionTint":{"mean":0.0014041790000000002,"p95":0.001944,"p99":0.002535},"shields":{"mean":0.000452811000000001,"p95":0.000641,"p99":0.000791},"preDeaths":{"mean":0.0012788279999999983,"p95":0.001883,"p99":0.002345},"actions":{"mean":0.011639239000000006,"p95":0.016471,"p99":0.020108},"things":{"mean":0.009514852999999993,"p95":0.014827,"p99":0.019377},"tumors":{"mean":0.011619033999999983,"p95":0.023193,"p99":0.032902},"tumorDamage":{"mean":0.002157880000000002,"p95":0.003557,"p99":0.005259},"auras":{"mean":0.00003309399999999954,"p95":0.00007,"p99":0.000131},"popRespawn":{"mean":0.005955865999999996,"p95":0.008626,"p99":0.009438},"survival":{"mean":0.0010871149999999998,"p95":0.001824,"p99":0.002064},"tintObs":{"mean":0.11725308200000023,"p95":0.141454,"p99":0.191799}}}