{"stepCount":1000,"windowSize":1000,"totalMean":0.25902745700000007,"totalP95":0.614954,"totalP99":0.781177,"subsystems":{"actionTint":{"mean":0.0029926060000000014,"p95":0.00571,"p99":0.006753},"shields":{"mean":0.0005446380000000002,"p95":0.001092,"p99":0.001353},"preDeaths":{"mean":0.0025449149999999996,"p95":0.006863,"p99":0.011041},"actions":{"mean":0.020649892000000013,"p95":0.043742,"p99":0.05859},"things":{"mean":0.037278401,"p95":0.105048,"p99":0.147757},"tumors":{"mean":0.02099787300000001,"p95":0.04823,"p99":0.066405},"tumorDamage":{"mean":0.004123698000000003,"p95":0.008806,"p99":0.013305},"auras":{"mean":0.000141898,"p95":0.000441,"p99":0.000621},"popRespawn":{"mean":0.01022000200000001,"p95":0.02102,"p99":0.029886},"survival":{"mean":0.0015675869999999983,"p95":0.002745,"p99":0.003778},"tintObs":{"mean":0.15788646100000017,"p95":0.396395,"p99":0.483168}}}