{"stepCount":1000,"windowSize":1000,"totalMean":1.482666227,"totalP95":2.29145,"totalP99":2.709485,"subsystems":{"actionTint":{"mean":0.005426610000000001,"p95":0.00822,"p99":0.013701},"shields":{"mean":0.0020065509999999988,"p95":0.002523,"p99":0.003059},"preDeaths":{"mean":0.011091311999999994,"p95":0.022225,"p99":0.027407},"actions":{"mean":0.07711975399999986,"p95":0.131747,"p99":0.156277},"things":{"mean":0.11150685300000011,"p95":0.212618,"p99":0.238031},"tumors":{"mean":0.04555745599999997,"p95":0.091132,"p99":0.120996},"tumorDamage":{"mean":0.013621465999999973,"p95":0.020831,"p99":0.027382},"auras":{"mean":0.00039686900000000027,"p95":0.000695,"p99":0.000845},"popRespawn":{"mean":0.03429218300000003,"p95":0.054157,"p99":0.066867},"survival":{"mean":0.009011654999999999,"p95":0.013668,"p99":0.019853},"tintObs":{"mean":1.172332013,"p95":1.845611,"p99":2.123218}}}