{"stepCount":1000,"windowSize":1000,"totalMean":0.8998249870000004,"totalP95":1.304313,"totalP99":1.453694,"subsystems":{"actionTint":{"mean":0.007093238000000004,"p95":0.010301,"p99":0.013675},"shields":{"mean":0.001617017,"p95":0.002568,"p99":0.003232},"preDeaths":{"mean":0.010313733999999995,"p95":0.022257,"p99":0.027328},"actions":{"mean":0.08229297999999993,"p95":0.144266,"p99":0.165957},"things":{"mean":0.0910145139999999,"p95":0.154949,"p99":0.207411},"tumors":{"mean":0.04086958199999999,"p95":0.077951,"p99":0.103643},"tumorDamage":{"mean":0.014307864000000009,"p95":0.022827,"p99":0.030351},"auras":{"mean":0.0004186119999999998,"p95":0.000742,"p99":0.000925},"popRespawn":{"mean":0.03329243999999997,"p95":0.053255,"p99":0.064584},"survival":{"mean":0.007895049000000006,"p95":0.01171,"p99":0.01512},"tintObs":{"mean":0.610515800999999,"p95":0.905723,"p99":0.980132}}}