{"stepCount":1000,"windowSize":1000,"totalMean":2.1712017489999984,"totalP95":3.601345,"totalP99":4.358492,"subsystems":{"actionTint":{"mean":0.005858400999999989,"p95":0.00852,"p99":0.01011},"shields":{"mean":0.001979352000000001,"p95":0.002935,"p99":0.003459},"preDeaths":{"mean":0.011504274000000005,"p95":0.021963,"p99":0.02695},"actions":{"mean":0.07637850799999986,"p95":0.129355,"p99":0.147853},"things":{"mean":0.10236666299999986,"p95":0.178187,"p99":0.212341},"tumors":{"mean":0.04047446600000002,"p95":0.082109,"p99":0.110102},"tumorDamage":{"mean":0.01333452300000001,"p95":0.021699,"p99":0.030652},"auras":{"mean":0.00037957599999999974,"p95":0.000655,"p99":0.000789},"popRespawn":{"mean":0.03605393200000003,"p95":0.054376,"p99":0.069485},"survival":{"mean":0.007610736,"p95":0.01161,"p99":0.017873},"tintObs":{"mean":1.8749083430000024,"p95":3.226235,"p99":3.965239}}}